[
    {
        "id": 1,
        "title": "图集日本天皇即位礼皇家晚宴现场 世界政要云集0",
        "imgUrl": "http://d.ifengimg.com/w144_h80_q70/x0.ifengimg.com/ucms/2019_43/CE2E2491BDC4B405BA6354F1815737AE5F83B419_w750_h376.jpg",
        "from": "东方IC",
        "newTime": "今天 22:30"
    },
    {
        "id": 2,
        "title": "王岐山日本之行的三个特别之处0",
        "imgUrl": "http://d.ifengimg.com/w144_h80_q70/x0.ifengimg.com/res/2019/976BD8B5F4CB55CBD7D2984B15488E6EE46FF071_size25_w500_h212.jpeg",
        "from": "政知道",
        "newTime": "今天 22:22"
    },
    {
        "id": 3,
        "title": "台当局要港府协助带走陈同佳？台媒：港府的回应形同拒绝0",
        "imgUrl": "http://d.ifengimg.com/w144_h80_q70/x0.ifengimg.com/ucms/2019_43/7B62C9AB9225224C2C7F6CD9CA237F5DA05DF952_w750_h376.jpg",
        "from": "环球网",
        "newTime": "今天 22:19"
    },
    {
        "id": 4,
        "title": "台当局称将派人赴港押解陈同佳 香港律政司发声明回应0",
        "imgUrl": "http://d.ifengimg.com/w144_h80_q70/x0.ifengimg.com/ucms/2019_43/B0DE9572B16BEF7F45369D90B1FED093EF407389_w750_h376.jpg",
        "from": "北京日报客户端",
        "newTime": "今天 22:04"
    },
    {
        "id": 5,
        "title": "世界冠军发言紧张到搓手抿嘴 网友：太可爱了0",
        "imgUrl": "http://d.ifengimg.com/w144_h80_q70/x0.ifengimg.com/ucms/2019_43/E188C7C5E98BAFE69BE281B925E99AC4513C833F_w750_h376.jpg",
        "from": "环球网",
        "newTime": "今天 21:58"
    },
    {
        "id": 6,
        "title": "此时此刻，美军官怂恿日本政府向国民宣扬“中国威胁”0",
        "imgUrl": "http://d.ifengimg.com/w144_h80_q70/x0.ifengimg.com/ucms/2019_43/22DB248F5A6D4B1FAD1FAFC67504C0840A02E4C0_w750_h376.jpg",
        "from": "观察者网",
        "newTime": "今天 21:51"
    },
    {
        "id": 7,
        "title": " “无法想象没有中国！”这些国家又让台当局“扎心”了0",
        "imgUrl": "http://d.ifengimg.com/w144_h80_q70/x0.ifengimg.com/ucms/2019_43/6D4C8DDCF823015B7CBA43AC0E385F4397EB4648_w600_h398.jpg",
        "from": "参考消息",
        "newTime": "今天 21:50"
    },
    {
        "id": 8,
        "title": "金鸡奖海报惊艳，但网友更关心这只“铁憨憨”0",
        "imgUrl": "http://d.ifengimg.com/w144_h80_q70/x0.ifengimg.com/ucms/2019_43/BC57C8053975ABD23F86545F3E7A942FAF04D68E_w230_h152.jpg",
        "from": "观察者网",
        "newTime": "今天 21:32"
    },
    {
        "id": 9,
        "title": "外媒：中国独角兽企业首超美国0",
        "imgUrl": "http://d.ifengimg.com/w144_h80_q70/x0.ifengimg.com/ucms/2019_43/6BE416F60DD4A0174F54FD027421C9F56293183A_w750_h376.jpg",
        "from": "环球时报",
        "newTime": "今天 21:20"
    },
    {
        "id": 10,
        "title": "韩国总理可能与日本天皇握手交谈，日韩关系缓和或遇契机0",
        "imgUrl": "http://d.ifengimg.com/w144_h80_q70/x0.ifengimg.com/ucms/2019_43/BCC395191A1AEBFA4F7A69CC4B11D71235F4CA1A_w750_h376.jpg",
        "from": "澎湃新闻网",
        "newTime": "今天 21:14"
    },
    {
        "id": 11,
        "title": "江西上饶“麻将馆禁令”首日 当地居民反应如何？0",
        "imgUrl": "http://d.ifengimg.com/w144_h80_q70/x0.ifengimg.com/ucms/2019_43/A4F0B6CEA03ED60F62B3AC99D2B38201192FBF7C_w750_h376.jpg",
        "from": "封面新闻",
        "newTime": "今天 21:04"
    },
    {
        "id": 12,
        "title": "烤鲷鱼、蒸鲍鱼、松茸汤：日本天皇即位典礼晚宴完整菜单曝光0",
        "imgUrl": "http://d.ifengimg.com/w144_h80_q70/x0.ifengimg.com/ucms/2019_43/D568E21B4F8D0A478C3D80500A014D98474E8ABD_w750_h376.jpg",
        "from": "澎湃新闻",
        "newTime": "今天 20:57"
    },
    {
        "id": 13,
        "title": "特鲁多的下半场，一俊再难遮百丑0",
        "imgUrl": "http://d.ifengimg.com/w144_h80_q70/x0.ifengimg.com/ucms/2019_43/CF1EDD1C66546F084F70411471127172DDE11029_w750_h376.jpg",
        "from": "中国日报网",
        "newTime": "今天 20:54"
    },
    {
        "id": 14,
        "title": "天皇夫妇在宫内举行“飨宴之仪” 晚宴以日式为主0",
        "imgUrl": "http://d.ifengimg.com/w144_h80_q70/x0.ifengimg.com/ucms/2019_43/3B6909CA554EA30B769BF79E8CE3554F3C7FC069_w750_h376.jpg",
        "from": "澎湃新闻网",
        "newTime": "今天 20:43"
    },
    {
        "id": 15,
        "title": "如此种族歧视：黑人保安告诫学生不要骂他“黑鬼” 反被学校开除0",
        "imgUrl": "http://d.ifengimg.com/w144_h80_q70/x0.ifengimg.com/ucms/2019_43/201406FDC86391F685E15B441D042DFB496F0AD4_w693_h423.jpg",
        "from": "环球网",
        "newTime": "今天 20:43"
    },
    {
        "id": 16,
        "title": "台当局称将派人赴港押解陈同佳 学者：出尔反尔故意刁难0",
        "imgUrl": "http://d.ifengimg.com/w144_h80_q70/x0.ifengimg.com/ucms/2019_43/465BE883A3E33180CFC031D96F09AD000B7C0952_w750_h376.jpg",
        "from": "环球网",
        "newTime": "今天 20:40"
    },
    {
        "id": 17,
        "title": "看不下去了！香港市民齐声痛骂暴徒：时代垃圾0",
        "imgUrl": "http://d.ifengimg.com/w144_h80_q70/x0.ifengimg.com/ucms/2019_43/8DF1CBAA0F7379D6D9FA0CC3C003ADDD9E31BACD_w750_h376.jpg",
        "from": "海外网",
        "newTime": "今天 20:32"
    },
    {
        "id": 18,
        "title": "阿拉善之春0",
        "imgUrl": "http://d.ifengimg.com/w144_h80_q70/x0.ifengimg.com/ucms/2019_43/F2BC9B42889382138B88146F48C43B96F223F44A_w750_h376.jpg",
        "from": "中国经营报",
        "newTime": "今天 20:18"
    },
    {
        "id": 19,
        "title": "加拿大大选：八名华人跻身国会 刷新纪录0",
        "imgUrl": "http://d.ifengimg.com/w144_h80_q70/x0.ifengimg.com/ucms/2019_43/5137A7CAC1BF0D919FEFCA5D6270724934D071AB_w750_h376.jpg",
        "from": "中国新闻网",
        "newTime": "今天 20:02"
    },
    {
        "id": 20,
        "title": "沉迷游戏每天充一万的他 因受贿被判四年六个月0",
        "imgUrl": "http://d.ifengimg.com/w144_h80_q70/x0.ifengimg.com/ucms/2019_43/93077C4872F59F4F2DF227F1DDE7CC0B198BB045_w750_h376.jpg",
        "from": "新京报",
        "newTime": "今天 20:00"
    },
    {
        "id": 21,
        "title": "95岁美国前总统卡特家中跌倒入院 系本月第2次0",
        "imgUrl": "http://d.ifengimg.com/w144_h80_q70/x0.ifengimg.com/ucms/2019_43/2D1CEC4B2BFCCD35E9D55FA7436681833F7F1576_w750_h376.jpg",
        "from": "环球网",
        "newTime": "今天 19:56"
    },
    {
        "id": 22,
        "title": "江苏一电镀园区出现黄烟 官方初判为“硝酸雾”0",
        "imgUrl": "http://d.ifengimg.com/w144_h80_q70/x0.ifengimg.com/ucms/2019_43/5A9F539CB1257FFF257E6453BA6EE4AA3253A774_w750_h376.jpg",
        "from": "新京报",
        "newTime": "今天 19:56"
    },
    {
        "id": 23,
        "title": "判了！山西涉黑前首富获刑25年0",
        "imgUrl": "http://d.ifengimg.com/w144_h80_q70/x0.ifengimg.com/ucms/2019_43/7B12B15AC7B60D3F82591C4793AB9D8B02E3BE6C_w564_h291.png",
        "from": "长安街知事",
        "newTime": "今天 19:56"
    },
    {
        "id": 23,
        "title": "判了！山西涉黑前首富获刑25年0",
        "imgUrl": "http://d.ifengimg.com/w144_h80_q70/x0.ifengimg.com/ucms/2019_43/7B12B15AC7B60D3F82591C4793AB9D8B02E3BE6C_w564_h291.png",
        "from": "长安街知事",
        "newTime": "今天 19:56"
    },
    {
        "id": 23,
        "title": "判了！山西涉黑前首富获刑25年0",
        "imgUrl": "http://d.ifengimg.com/w144_h80_q70/x0.ifengimg.com/ucms/2019_43/7B12B15AC7B60D3F82591C4793AB9D8B02E3BE6C_w564_h291.png",
        "from": "长安街知事",
        "newTime": "今天 19:56"
    },
    {
        "id": 23,
        "title": "判了！山西涉黑前首富获刑25年0",
        "imgUrl": "http://d.ifengimg.com/w144_h80_q70/x0.ifengimg.com/ucms/2019_43/7B12B15AC7B60D3F82591C4793AB9D8B02E3BE6C_w564_h291.png",
        "from": "长安街知事",
        "newTime": "今天 19:56"
    }
]